"ItemType","Path","SizeBytes","SizeHuman","Category","LastAccessTime","LastWriteTime","RiskLevel","SuggestedAction","EstimatedReleaseBytes","EstimatedReleaseHuman","Reason"
"Directory","C:\","455589767836","424.30 GB","未分类","2026/4/10 15:45:31","2026/4/10 12:25:05","高风险","保留不动","455589767836","424.30 GB","路径用途不明或属于工作/系统关键区域，默认保留。"
"Directory","C:\Users","154546318657","143.93 GB","未分类","2026/4/10 15:45:29","2026/3/7 16:00:10","高风险","保留不动","154546318657","143.93 GB","路径用途不明或属于工作/系统关键区域，默认保留。"
"Directory","C:\Users\m1389","154292161484","143.70 GB","未分类","2026/4/10 15:45:31","2026/4/9 2:06:11","高风险","保留不动","154292161484","143.70 GB","路径用途不明或属于工作/系统关键区域，默认保留。"
"Directory","C:\Users\m1389\AppData","73061687223","68.04 GB","未分类","2026/4/10 15:45:29","2026/3/7 16:00:26","高风险","保留不动","73061687223","68.04 GB","路径用途不明或属于工作/系统关键区域，默认保留。"
"Directory","C:\Windows","58990638881","54.94 GB","未分类","2026/4/10 15:45:31","2026/4/6 22:25:54","高风险","保留不动","58990638881","54.94 GB","路径用途不明或属于工作/系统关键区域，默认保留。"
"Directory","C:\Users\m1389\AppData\Local","57175305415","53.25 GB","未分类","2026/4/10 15:45:15","2026/3/14 5:51:14","高风险","保留不动","57175305415","53.25 GB","路径用途不明或属于工作/系统关键区域，默认保留。"
"Directory","C:\Program Files","52631893328","49.02 GB","未分类","2026/4/10 15:45:31","2026/4/3 22:15:28","高风险","保留不动","52631893328","49.02 GB","路径用途不明或属于工作/系统关键区域，默认保留。"
"Directory","C:\ProgramData","45011150230","41.92 GB","未分类","2026/4/10 15:45:29","2026/3/19 7:05:09","高风险","保留不动","45011150230","41.92 GB","路径用途不明或属于工作/系统关键区域，默认保留。"
"Directory","C:\FFOutput","36911581901","34.38 GB","未分类","2026/4/10 15:45:29","2026/3/21 21:20:47","高风险","保留不动","36911581901","34.38 GB","路径用途不明或属于工作/系统关键区域，默认保留。"
"Directory","C:\FFOutput\新建文件夹","36911581901","34.38 GB","未分类","2026/4/10 15:45:29","2026/3/21 21:21:36","高风险","保留不动","36911581901","34.38 GB","路径用途不明或属于工作/系统关键区域，默认保留。"
"Directory","C:\FFOutput\新建文件夹\models","36231601989","33.74 GB","AI 模型权重、数据集、缓存","2026/4/10 15:20:30","2026/3/21 21:21:36","中风险","需要用户确认","36231601989","33.74 GB","AI 目录通常体积巨大，若是缓存或可重下资源，回收空间潜力高。"
"Directory","C:\Windows\WinSxS","22869826196","21.30 GB","未分类","2026/4/10 15:45:25","2026/4/6 22:27:08","高风险","保留不动","22869826196","21.30 GB","路径用途不明或属于工作/系统关键区域，默认保留。"
"Directory","C:\Users\m1389\Downloads","22199301301","20.67 GB","未分类","2026/4/10 15:41:57","2026/4/10 13:43:16","高风险","保留不动","22199301301","20.67 GB","路径用途不明或属于工作/系统关键区域，默认保留。"
"Directory","C:\Users\m1389\Videos","21582265578","20.10 GB","未分类","2026/4/10 15:45:29","2026/3/7 16:03:34","高风险","保留不动","21582265578","20.10 GB","路径用途不明或属于工作/系统关键区域，默认保留。"
"Directory","C:\Users\m1389\Videos\Captures","21541330792","20.06 GB","未分类","2026/4/10 15:35:55","2026/3/7 16:28:57","高风险","保留不动","21541330792","20.06 GB","路径用途不明或属于工作/系统关键区域，默认保留。"
"Directory","C:\ProgramData\Lenovo","20877855836","19.44 GB","未分类","2026/4/10 15:45:29","2026/3/27 16:54:52","高风险","保留不动","20877855836","19.44 GB","路径用途不明或属于工作/系统关键区域，默认保留。"
"Directory","C:\ProgramData\Lenovo\CreatorZone","19082106763","17.77 GB","未分类","2026/4/10 15:45:29","2025/10/10 18:11:42","高风险","保留不动","19082106763","17.77 GB","路径用途不明或属于工作/系统关键区域，默认保留。"
"Directory","C:\ProgramData\Lenovo\CreatorZone\Adapter\ImageAIGC","18852989337","17.56 GB","未分类","2026/4/10 15:45:29","2025/10/10 18:11:42","高风险","保留不动","18852989337","17.56 GB","路径用途不明或属于工作/系统关键区域，默认保留。"
"Directory","C:\ProgramData\Lenovo\CreatorZone\Adapter","18852989337","17.56 GB","未分类","2026/4/10 15:45:32","2025/10/10 18:09:47","高风险","保留不动","18852989337","17.56 GB","路径用途不明或属于工作/系统关键区域，默认保留。"
"Directory","C:\Users\m1389\Documents","17278281415","16.09 GB","未分类","2026/4/10 15:45:07","2026/4/3 22:17:21","高风险","保留不动","17278281415","16.09 GB","路径用途不明或属于工作/系统关键区域，默认保留。"
"Directory","C:\Program Files (x86)","16461702045","15.33 GB","未分类","2026/4/10 15:43:35","2026/3/7 15:58:46","高风险","保留不动","16461702045","15.33 GB","路径用途不明或属于工作/系统关键区域，默认保留。"
"Directory","C:\Users\m1389\AppData\Roaming","15560371005","14.49 GB","未分类","2026/4/10 15:45:31","2026/4/3 22:15:19","高风险","保留不动","15560371005","14.49 GB","路径用途不明或属于工作/系统关键区域，默认保留。"
"Directory","C:\Windows\System32","13802660104","12.85 GB","未分类","2026/4/10 15:45:32","2026/4/9 19:28:00","高风险","保留不动","13802660104","12.85 GB","路径用途不明或属于工作/系统关键区域，默认保留。"
"Directory","C:\ProgramData\Lenovo\CreatorZone\Adapter\ImageAIGC\models","13372588853","12.45 GB","AI 模型权重、数据集、缓存","2026/4/10 15:25:15","2025/10/10 18:11:09","中风险","需要用户确认","13372588853","12.45 GB","AI 目录通常体积巨大，若是缓存或可重下资源，回收空间潜力高。"
"Directory","C:\Program Files\WindowsApps","12494240927","11.64 GB","未分类","2026/4/10 15:42:01","2026/4/10 12:43:52","高风险","保留不动","12494240927","11.64 GB","路径用途不明或属于工作/系统关键区域，默认保留。"
"Directory","C:\ProgramData\Topaz Labs LLC","10654157652","9.92 GB","未分类","2026/4/10 15:45:29","2026/3/21 21:36:45","高风险","保留不动","10654157652","9.92 GB","路径用途不明或属于工作/系统关键区域，默认保留。"
"Directory","C:\ProgramData\Topaz Labs LLC\Topaz Video AI","10618080210","9.89 GB","未分类","2026/4/10 15:45:29","2026/3/10 20:13:22","高风险","保留不动","10618080210","9.89 GB","路径用途不明或属于工作/系统关键区域，默认保留。"
"Directory","C:\ProgramData\Topaz Labs LLC\Topaz Video AI\models","10618080210","9.89 GB","AI 模型权重、数据集、缓存","2026/4/10 15:26:18","2026/3/10 20:13:22","中风险","需要用户确认","10618080210","9.89 GB","AI 目录通常体积巨大，若是缓存或可重下资源，回收空间潜力高。"
"Directory","C:\Program Files\Lenovo\AIAgent","9701307007","9.04 GB","未分类","2026/4/10 15:41:46","2026/4/4 7:36:51","高风险","保留不动","9701307007","9.04 GB","路径用途不明或属于工作/系统关键区域，默认保留。"
"Directory","C:\Program Files\Lenovo","9701307007","9.04 GB","未分类","2026/4/10 15:45:32","2025/10/10 18:08:20","高风险","保留不动","9701307007","9.04 GB","路径用途不明或属于工作/系统关键区域，默认保留。"
"Directory","C:\Users\m1389\Documents\Tencent Files","8643164524","8.05 GB","旧项目归档、课程资料、无用备份","2026/4/10 15:45:07","2026/4/10 10:17:57","高风险","上云后删除本地","8643164524","8.05 GB","可能仍有复用价值，默认推荐归档而非直接删除。"
"Directory","C:\Program Files\Lenovo\AIAgent\Modules","8472080491","7.89 GB","未分类","2026/4/10 15:21:18","2026/4/4 7:36:51","高风险","保留不动","8472080491","7.89 GB","路径用途不明或属于工作/系统关键区域，默认保留。"
"Directory","C:\Users\m1389\Documents\Tencent Files\1316795181","8443740299","7.86 GB","旧项目归档、课程资料、无用备份","2026/4/10 15:45:07","2024/10/27 16:27:52","高风险","上云后删除本地","8443740299","7.86 GB","可能仍有复用价值，默认推荐归档而非直接删除。"
"Directory","C:\Users\m1389\Documents\Tencent Files\1316795181\nt_qq","8443714699","7.86 GB","旧项目归档、课程资料、无用备份","2026/4/10 15:45:07","2024/9/10 19:26:03","高风险","上云后删除本地","8443714699","7.86 GB","可能仍有复用价值，默认推荐归档而非直接删除。"
"Directory","C:\Users\m1389\AppData\Local\uv","8188076084","7.63 GB","未分类","2026/4/10 15:32:23","2025/10/16 0:47:12","高风险","保留不动","8188076084","7.63 GB","路径用途不明或属于工作/系统关键区域，默认保留。"
"Directory","C:\Users\m1389\AppData\Local\uv\cache","8188076084","7.63 GB","未分类","2026/4/10 15:32:23","2025/10/16 0:53:43","高风险","保留不动","8188076084","7.63 GB","路径用途不明或属于工作/系统关键区域，默认保留。"
"Directory","C:\Users\m1389\AppData\Local\uv\cache\archive-v0","8137680817","7.58 GB","浏览器缓存、软件缓存、日志","2026/4/10 15:32:22","2025/10/16 0:53:43","低风险","直接删除","8137680817","7.58 GB","缓存和日志通常可再生成，对业务数据影响较低。"
"Directory","C:\Windows\System32\DriverStore","7953872799","7.41 GB","未分类","2026/4/10 15:45:03","2026/4/6 22:26:58","高风险","保留不动","7953872799","7.41 GB","路径用途不明或属于工作/系统关键区域，默认保留。"
"Directory","C:\Windows\System32\DriverStore\FileRepository","7950557949","7.40 GB","未分类","2026/4/10 15:39:37","2026/4/6 22:26:58","高风险","保留不动","7950557949","7.40 GB","路径用途不明或属于工作/系统关键区域，默认保留。"
"Directory","C:\Users\m1389\AppData\Local\uv\cache\archive-v0\F6vBYgGD954dYGQq2I8Oy","7516828099","7.00 GB","浏览器缓存、软件缓存、日志","2026/4/10 15:32:11","2025/10/16 0:53:43","低风险","直接删除","7516828099","7.00 GB","缓存和日志通常可再生成，对业务数据影响较低。"
"Directory","C:\Users\m1389\AppData\Local\uv\cache\archive-v0\F6vBYgGD954dYGQq2I8Oy\torch","7512702379","7.00 GB","浏览器缓存、软件缓存、日志","2026/4/10 15:32:11","2025/10/16 0:53:43","低风险","直接删除","7512702379","7.00 GB","缓存和日志通常可再生成，对业务数据影响较低。"
"Directory","C:\ProgramData\Lenovo\CreatorZone\Adapter\ImageAIGC\models\lora_train_models","7477997217","6.96 GB","AI 模型权重、数据集、缓存","2026/4/10 15:25:15","2025/10/10 18:11:36","中风险","需要用户确认","7477997217","6.96 GB","AI 目录通常体积巨大，若是缓存或可重下资源，回收空间潜力高。"
"Directory","C:\Users\m1389\AppData\Local\Android","7444117955","6.93 GB","未分类","2026/4/10 15:28:13","2026/2/24 19:11:36","高风险","保留不动","7444117955","6.93 GB","路径用途不明或属于工作/系统关键区域，默认保留。"
"Directory","C:\Users\m1389\AppData\Local\Android\Sdk","7444117955","6.93 GB","未分类","2026/4/10 15:28:13","2026/2/24 21:59:27","高风险","保留不动","7444117955","6.93 GB","路径用途不明或属于工作/系统关键区域，默认保留。"
"Directory","C:\Users\m1389\AppData\Local\uv\cache\archive-v0\F6vBYgGD954dYGQq2I8Oy\torch\lib","7425480746","6.92 GB","浏览器缓存、软件缓存、日志","2026/4/10 15:32:09","2025/10/16 0:53:42","低风险","直接删除","7425480746","6.92 GB","缓存和日志通常可再生成，对业务数据影响较低。"
"Directory","C:\Users\m1389\Documents\Tencent Files\1316795181\nt_qq\nt_data","7253719226","6.76 GB","旧项目归档、课程资料、无用备份","2026/4/10 15:45:07","2026/3/11 21:47:04","高风险","上云后删除本地","7253719226","6.76 GB","可能仍有复用价值，默认推荐归档而非直接删除。"
"Directory","C:\ProgramData\Topaz Labs LLC\Topaz Video AI\models\Lib","7184713873","6.69 GB","AI 模型权重、数据集、缓存","2026/4/10 15:26:18","2025/10/29 6:54:10","中风险","需要用户确认","7184713873","6.69 GB","AI 目录通常体积巨大，若是缓存或可重下资源，回收空间潜力高。"
"Directory","C:\Program Files\Adobe","7108300961","6.62 GB","未分类","2026/4/10 15:41:46","2025/10/27 21:12:49","高风险","保留不动","7108300961","6.62 GB","路径用途不明或属于工作/系统关键区域，默认保留。"
"Directory","C:\ProgramData\Topaz Labs LLC\Topaz Video AI\models\Lib\site-packages","6996735142","6.52 GB","AI 模型权重、数据集、缓存","2026/4/10 15:26:13","2025/10/29 6:54:05","中风险","需要用户确认","6996735142","6.52 GB","AI 目录通常体积巨大，若是缓存或可重下资源，回收空间潜力高。"
"Directory","C:\Users\m1389\AppData\Local\Google","6293174695","5.86 GB","未分类","2026/4/10 15:43:08","2026/2/24 18:52:48","高风险","保留不动","6293174695","5.86 GB","路径用途不明或属于工作/系统关键区域，默认保留。"
"Directory","C:\Windows\Installer","6234865985","5.81 GB","未分类","2026/4/10 15:41:46","2026/4/4 16:34:30","高风险","保留不动","6234865985","5.81 GB","路径用途不明或属于工作/系统关键区域，默认保留。"
"Directory","C:\Users\m1389\AppData\Local\Google\Chrome","6087486862","5.67 GB","未分类","2026/4/10 15:43:08","2025/11/16 4:14:10","高风险","保留不动","6087486862","5.67 GB","路径用途不明或属于工作/系统关键区域，默认保留。"
"Directory","C:\Users\m1389\AppData\Local\Google\Chrome\User Data","6087486862","5.67 GB","未分类","2026/4/10 15:43:08","2026/4/10 15:36:45","高风险","保留不动","6087486862","5.67 GB","路径用途不明或属于工作/系统关键区域，默认保留。"
"Directory","C:\$GetCurrent","6002859858","5.59 GB","未分类","2026/4/10 15:20:30","2025/10/10 10:45:12","高风险","保留不动","6002859858","5.59 GB","路径用途不明或属于工作/系统关键区域，默认保留。"
"Directory","C:\$GetCurrent\media","6002728278","5.59 GB","未分类","2026/4/10 15:20:30","2025/9/16 4:26:33","高风险","保留不动","6002728278","5.59 GB","路径用途不明或属于工作/系统关键区域，默认保留。"
"Directory","C:\$GetCurrent\media\sources","5954639953","5.55 GB","未分类","2026/4/10 15:20:30","2025/10/10 10:48:14","高风险","保留不动","5954639953","5.55 GB","路径用途不明或属于工作/系统关键区域，默认保留。"
"Directory","C:\ProgramData\Topaz Labs LLC\Topaz Video AI\models\Lib\site-packages\torch","5923409852","5.52 GB","AI 模型权重、数据集、缓存","2026/4/10 15:26:11","2025/10/29 6:54:01","中风险","需要用户确认","5923409852","5.52 GB","AI 目录通常体积巨大，若是缓存或可重下资源，回收空间潜力高。"
"Directory","C:\Users\m1389\AppData\Local\Android\Sdk\system-images","5919211327","5.51 GB","未分类","2026/4/10 15:28:13","2026/2/24 21:59:27","高风险","保留不动","5919211327","5.51 GB","路径用途不明或属于工作/系统关键区域，默认保留。"
"Directory","C:\ProgramData\Lenovo\CreatorZone\Adapter\ImageAIGC\models\image_generate_models","5894591636","5.49 GB","AI 模型权重、数据集、缓存","2026/4/10 15:25:14","2025/10/10 18:11:09","中风险","需要用户确认","5894591636","5.49 GB","AI 目录通常体积巨大，若是缓存或可重下资源，回收空间潜力高。"
"Directory","C:\ProgramData\Topaz Labs LLC\Topaz Video AI\models\Lib\site-packages\torch\lib","5808932346","5.41 GB","AI 模型权重、数据集、缓存","2026/4/10 15:26:08","2025/10/29 6:53:58","中风险","需要用户确认","5808932346","5.41 GB","AI 目录通常体积巨大，若是缓存或可重下资源，回收空间潜力高。"
"Directory","C:\ProgramData\Lenovo\CreatorZone\Adapter\ImageAIGC\Lib","5422628922","5.05 GB","未分类","2026/4/10 15:25:14","2025/10/10 18:10:42","高风险","保留不动","5422628922","5.05 GB","路径用途不明或属于工作/系统关键区域，默认保留。"
"Directory","C:\Program Files\Microsoft Visual Studio\2022","5409428528","5.04 GB","未分类","2026/4/10 15:38:40","2025/11/9 23:15:53","高风险","保留不动","5409428528","5.04 GB","路径用途不明或属于工作/系统关键区域，默认保留。"
"Directory","C:\Program Files\Microsoft Visual Studio\2022\Community","5409428528","5.04 GB","未分类","2026/4/10 15:22:04","2025/11/9 23:21:05","高风险","保留不动","5409428528","5.04 GB","路径用途不明或属于工作/系统关键区域，默认保留。"
"Directory","C:\Program Files\Microsoft Visual Studio","5409428528","5.04 GB","未分类","2026/4/10 15:45:32","2025/11/9 23:15:53","高风险","保留不动","5409428528","5.04 GB","路径用途不明或属于工作/系统关键区域，默认保留。"
"Directory","C:\ProgramData\Lenovo\CreatorZone\Adapter\ImageAIGC\models\image_generate_models\stable_diffusion","5394230350","5.02 GB","AI 模型权重、数据集、缓存","2026/4/10 15:25:14","2025/10/10 18:11:07","中风险","需要用户确认","5394230350","5.02 GB","AI 目录通常体积巨大，若是缓存或可重下资源，回收空间潜力高。"
"Directory","C:\ProgramData\Lenovo\CreatorZone\Adapter\ImageAIGC\Lib\site-packages","5376919133","5.01 GB","未分类","2026/4/10 15:25:13","2025/10/10 18:10:41","高风险","保留不动","5376919133","5.01 GB","路径用途不明或属于工作/系统关键区域，默认保留。"
"Directory","C:\Program Files\Adobe\Adobe Photoshop 2025","5310454032","4.95 GB","未分类","2026/4/10 15:20:42","2025/10/11 23:59:43","高风险","保留不动","5310454032","4.95 GB","路径用途不明或属于工作/系统关键区域，默认保留。"
"Directory","C:\Users\m1389\Documents\GeekDog","5088438648","4.74 GB","旧项目归档、课程资料、无用备份","2026/4/10 15:35:01","2024/8/10 9:51:57","高风险","上云后删除本地","5088438648","4.74 GB","可能仍有复用价值，默认推荐归档而非直接删除。"
"Directory","C:\Users\m1389\AppData\Local\NVIDIA","5058467008","4.71 GB","未分类","2026/4/10 15:30:39","2026/2/6 19:58:06","高风险","保留不动","5058467008","4.71 GB","路径用途不明或属于工作/系统关键区域，默认保留。"
"Directory","C:\Users\m1389\OneDrive","5031191083","4.69 GB","云盘同步目录中的本地副本","2026/4/10 15:41:57","2026/4/9 2:42:09","高风险","上云后删除本地","5031191083","4.69 GB","已同步且低频使用的文件适合转仅云端，但需先校验云端完整性。"
"Directory","C:\Users\m1389\Documents\GeekDog\Data","4982086809","4.64 GB","旧项目归档、课程资料、无用备份","2026/4/10 15:35:01","2024/8/10 9:51:50","高风险","上云后删除本地","4982086809","4.64 GB","可能仍有复用价值，默认推荐归档而非直接删除。"
"Directory","C:\Program Files (x86)\Microsoft","4885101886","4.55 GB","未分类","2026/4/10 15:43:35","2025/10/12 18:19:25","高风险","保留不动","4885101886","4.55 GB","路径用途不明或属于工作/系统关键区域，默认保留。"
"Directory","C:\Users\m1389\AppData\Roaming\Code","4672627792","4.35 GB","未分类","2026/4/10 15:45:21","2026/4/10 13:58:52","高风险","保留不动","4672627792","4.35 GB","路径用途不明或属于工作/系统关键区域，默认保留。"
"Directory","C:\Users\m1389\Documents\Tencent Files\1316795181\nt_qq\nt_data\Pic","4655456085","4.34 GB","旧项目归档、课程资料、无用备份","2026/4/10 15:35:43","2026/4/6 20:25:02","高风险","上云后删除本地","4655456085","4.34 GB","可能仍有复用价值，默认推荐归档而非直接删除。"
"Directory","C:\Users\m1389\AppData\Local\NVIDIA\DXCache","4654403584","4.33 GB","未分类","2026/4/10 15:30:39","2026/4/10 13:50:58","高风险","保留不动","4654403584","4.33 GB","路径用途不明或属于工作/系统关键区域，默认保留。"
"Directory","C:\Program Files\Microsoft Office","4586321704","4.27 GB","未分类","2026/4/10 15:41:46","2026/4/4 16:31:23","高风险","保留不动","4586321704","4.27 GB","路径用途不明或属于工作/系统关键区域，默认保留。"
"Directory","C:\Program Files\Microsoft Office\root","4578202170","4.26 GB","未分类","2026/4/10 15:41:46","2025/10/10 18:09:25","高风险","保留不动","4578202170","4.26 GB","路径用途不明或属于工作/系统关键区域，默认保留。"
"Directory","C:\ProgramData\Lenovo\CreatorZone\Adapter\ImageAIGC\Lib\site-packages\torch","4497345236","4.19 GB","未分类","2026/4/10 15:25:03","2025/10/10 18:10:35","高风险","保留不动","4497345236","4.19 GB","路径用途不明或属于工作/系统关键区域，默认保留。"
"Directory","C:\ProgramData\Lenovo\CreatorZone\Adapter\ImageAIGC\Lib\site-packages\torch\lib","4415772884","4.11 GB","未分类","2026/4/10 15:25:01","2025/10/10 18:10:34","高风险","保留不动","4415772884","4.11 GB","路径用途不明或属于工作/系统关键区域，默认保留。"
"Directory","C:\Windows\assembly","4397840553","4.10 GB","未分类","2026/4/10 15:41:44","2026/3/7 16:00:13","高风险","保留不动","4397840553","4.10 GB","路径用途不明或属于工作/系统关键区域，默认保留。"
"Directory","C:\Program Files\Docker","4368581864","4.07 GB","未分类","2026/4/10 15:45:31","2026/3/10 9:54:11","高风险","保留不动","4368581864","4.07 GB","路径用途不明或属于工作/系统关键区域，默认保留。"
"Directory","C:\Program Files\Lenovo\AIAgent\Modules\X-Engine","4335870803","4.04 GB","未分类","2026/4/10 15:21:18","2026/3/3 0:01:41","高风险","保留不动","4335870803","4.04 GB","路径用途不明或属于工作/系统关键区域，默认保留。"
"Directory","C:\Users\m1389\AppData\Local\Docker","4304187218","4.01 GB","未分类","2026/4/10 15:28:14","2026/3/10 9:51:36","高风险","保留不动","4304187218","4.01 GB","路径用途不明或属于工作/系统关键区域，默认保留。"
"Directory","C:\Users\m1389\AppData\Local\Docker\wsl","4279238656","3.99 GB","虚拟机镜像、容器镜像","2026/4/10 15:28:14","2026/3/10 9:54:21","高风险","保留不动","4279238656","3.99 GB","虚拟磁盘和容器层删除后会直接影响运行环境，必须保守处理。"
"Directory","C:\Users\m1389\AppData\Local\Google\Chrome\User Data\OptGuideOnDeviceModel","4269934835","3.98 GB","未分类","2026/4/10 15:28:32","2025/11/16 4:44:13","高风险","保留不动","4269934835","3.98 GB","路径用途不明或属于工作/系统关键区域，默认保留。"
"Directory","C:\Users\m1389\AppData\Local\Google\Chrome\User Data\OptGuideOnDeviceModel\2025.8.8.1141","4269934835","3.98 GB","未分类","2026/4/10 15:28:32","2025/11/16 4:44:43","高风险","保留不动","4269934835","3.98 GB","路径用途不明或属于工作/系统关键区域，默认保留。"
"Directory","C:\ProgramData\Microsoft","4253428706","3.96 GB","未分类","2026/4/10 15:41:44","2026/3/7 16:04:01","高风险","保留不动","4253428706","3.96 GB","路径用途不明或属于工作/系统关键区域，默认保留。"
"Directory","C:\Users\m1389\AppData\Roaming\kingsoft","4194208815","3.91 GB","未分类","2026/4/10 15:34:07","2025/11/14 19:49:18","高风险","保留不动","4194208815","3.91 GB","路径用途不明或属于工作/系统关键区域，默认保留。"
"Directory","C:\Users\m1389\AppData\Local\wsl","4184904023","3.90 GB","未分类","2026/4/10 15:32:24","2025/11/19 12:48:45","高风险","保留不动","4184904023","3.90 GB","路径用途不明或属于工作/系统关键区域，默认保留。"
"Directory","C:\Users\m1389\AppData\Local\wsl\{935891b3-19d4-4c4b-b28a-2703d2b332c5}","4184904023","3.90 GB","虚拟机镜像、容器镜像","2026/4/10 15:32:24","2025/11/19 12:48:54","高风险","保留不动","4184904023","3.90 GB","虚拟磁盘和容器层删除后会直接影响运行环境，必须保守处理。"
"Directory","C:\Users\m1389\OneDrive\Desktop","4184798776","3.90 GB","云盘同步目录中的本地副本","2026/4/10 15:41:57","2026/4/9 13:04:48","高风险","上云后删除本地","4184798776","3.90 GB","已同步且低频使用的文件适合转仅云端，但需先校验云端完整性。"
"Directory","C:\Users\m1389\AppData\Local\Docker\wsl\disk","4170186752","3.88 GB","虚拟机镜像、容器镜像","2026/4/10 15:28:14","2026/2/25 9:36:41","高风险","保留不动","4170186752","3.88 GB","虚拟磁盘和容器层删除后会直接影响运行环境，必须保守处理。"
"Directory","C:\Users\m1389\Documents\GeekDog\Data\Down","4114851201","3.83 GB","旧项目归档、课程资料、无用备份","2026/4/10 15:35:01","2024/8/10 10:02:17","高风险","上云后删除本地","4114851201","3.83 GB","可能仍有复用价值，默认推荐归档而非直接删除。"
"Directory","C:\ProgramData\NVIDIA Corporation","3920698327","3.65 GB","未分类","2026/4/10 15:44:59","2026/1/13 7:50:38","高风险","保留不动","3920698327","3.65 GB","路径用途不明或属于工作/系统关键区域，默认保留。"
"Directory","C:\ProgramData\NVIDIA Corporation\NVIDIA App","3890510816","3.62 GB","未分类","2026/4/10 15:25:37","2026/4/9 2:06:53","高风险","保留不动","3890510816","3.62 GB","路径用途不明或属于工作/系统关键区域，默认保留。"
"Directory","C:\Users\m1389\.lmstudio","3876391110","3.61 GB","未分类","2026/4/10 15:41:44","2026/4/10 10:16:33","高风险","保留不动","3876391110","3.61 GB","路径用途不明或属于工作/系统关键区域，默认保留。"
"Directory","C:\ProgramData\NVIDIA Corporation\NVIDIA App\UpdateFramework","3831359230","3.57 GB","未分类","2026/4/10 15:25:37","2025/10/15 23:43:57","高风险","保留不动","3831359230","3.57 GB","路径用途不明或属于工作/系统关键区域，默认保留。"
"Directory","C:\ProgramData\NVIDIA Corporation\NVIDIA App\UpdateFramework\ota-artifacts","3830089048","3.57 GB","未分类","2026/4/10 15:25:37","2025/10/15 23:43:57","高风险","保留不动","3830089048","3.57 GB","路径用途不明或属于工作/系统关键区域，默认保留。"
"Directory","C:\ProgramData\NVIDIA Corporation\NVIDIA App\UpdateFramework\ota-artifacts\crd","3830089048","3.57 GB","未分类","2026/4/10 15:25:37","2026/3/11 22:58:49","高风险","保留不动","3830089048","3.57 GB","路径用途不明或属于工作/系统关键区域，默认保留。"
"Directory","C:\Users\m1389\AppData\Local\Microsoft","3768126678","3.51 GB","未分类","2026/4/10 15:45:15","2026/3/10 9:51:28","高风险","保留不动","3768126678","3.51 GB","路径用途不明或属于工作/系统关键区域，默认保留。"
"Directory","C:\Program Files (x86)\Windows Kits","3705064307","3.45 GB","未分类","2026/4/10 15:23:53","2025/11/9 23:39:34","高风险","保留不动","3705064307","3.45 GB","路径用途不明或属于工作/系统关键区域，默认保留。"
"Directory","C:\Program Files (x86)\Windows Kits\10","3701724595","3.45 GB","未分类","2026/4/10 15:41:44","2025/11/9 23:26:31","高风险","保留不动","3701724595","3.45 GB","路径用途不明或属于工作/系统关键区域，默认保留。"
"Directory","C:\Program Files\Docker\Docker","3647254936","3.40 GB","虚拟机镜像、容器镜像","2026/4/10 15:45:31","2026/3/10 9:52:58","高风险","保留不动","3647254936","3.40 GB","虚拟磁盘和容器层删除后会直接影响运行环境，必须保守处理。"
"Directory","C:\Program Files\Adobe\Adobe Photoshop 2025\Required","3641916155","3.39 GB","未分类","2026/4/10 15:20:42","2025/10/11 23:59:29","高风险","保留不动","3641916155","3.39 GB","路径用途不明或属于工作/系统关键区域，默认保留。"
"Directory","C:\Users\m1389\.vscode","3604496814","3.36 GB","未分类","2026/4/10 15:45:31","2025/3/14 20:48:15","高风险","保留不动","3604496814","3.36 GB","路径用途不明或属于工作/系统关键区域，默认保留。"
"Directory","C:\Users\m1389\.vscode\extensions","3604495996","3.36 GB","未分类","2026/4/10 15:44:52","2026/4/10 13:58:04","高风险","保留不动","3604495996","3.36 GB","路径用途不明或属于工作/系统关键区域，默认保留。"
"Directory","C:\Users\m1389\.lmstudio\extensions","3442310362","3.21 GB","未分类","2026/4/10 15:26:41","2026/2/24 12:54:08","高风险","保留不动","3442310362","3.21 GB","路径用途不明或属于工作/系统关键区域，默认保留。"
"Directory","C:\ProgramData\Microsoft\VisualStudio","3416675930","3.18 GB","未分类","2026/4/10 15:25:32","2025/11/9 23:16:14","高风险","保留不动","3416675930","3.18 GB","路径用途不明或属于工作/系统关键区域，默认保留。"
"Directory","C:\ProgramData\Microsoft\VisualStudio\Packages","3410051455","3.18 GB","未分类","2026/4/10 15:25:32","2025/11/9 23:39:45","高风险","保留不动","3410051455","3.18 GB","路径用途不明或属于工作/系统关键区域，默认保留。"
"Directory","C:\Users\m1389\AppData\Roaming\kingsoft\wps","3392070657","3.16 GB","未分类","2026/4/10 15:34:07","2025/10/11 23:27:30","高风险","保留不动","3392070657","3.16 GB","路径用途不明或属于工作/系统关键区域，默认保留。"
"Directory","C:\Users\m1389\AppData\Roaming\kingsoft\wps\addons","3375260985","3.14 GB","未分类","2026/4/10 15:34:07","2025/10/15 0:13:07","高风险","保留不动","3375260985","3.14 GB","路径用途不明或属于工作/系统关键区域，默认保留。"
"Directory","C:\Users\m1389\.lmstudio\extensions\backends","3375245758","3.14 GB","未分类","2026/4/10 15:26:39","2026/4/7 11:15:45","高风险","保留不动","3375245758","3.14 GB","路径用途不明或属于工作/系统关键区域，默认保留。"
"Directory","C:\Users\m1389\AppData\Local\Android\Sdk\system-images\android-29","3373766160","3.14 GB","未分类","2026/4/10 15:28:13","2026/2/24 21:59:27","高风险","保留不动","3373766160","3.14 GB","路径用途不明或属于工作/系统关键区域，默认保留。"
"Directory","C:\Users\m1389\AppData\Local\Android\Sdk\system-images\android-29\default\x86_64","3373766160","3.14 GB","未分类","2026/4/10 15:28:13","2026/2/24 22:02:56","高风险","保留不动","3373766160","3.14 GB","路径用途不明或属于工作/系统关键区域，默认保留。"
"Directory","C:\Users\m1389\AppData\Local\Android\Sdk\system-images\android-29\default","3373766160","3.14 GB","未分类","2026/4/10 15:45:33","2026/2/24 22:02:56","高风险","保留不动","3373766160","3.14 GB","路径用途不明或属于工作/系统关键区域，默认保留。"
"Directory","C:\ProgramData\Topaz Labs LLC\Topaz Video AI\models\models\astra-1.0","3322195682","3.09 GB","AI 模型权重、数据集、缓存","2026/4/10 15:26:18","2025/10/29 6:45:52","中风险","需要用户确认","3322195682","3.09 GB","AI 目录通常体积巨大，若是缓存或可重下资源，回收空间潜力高。"
"Directory","C:\ProgramData\Topaz Labs LLC\Topaz Video AI\models\models","3322195682","3.09 GB","AI 模型权重、数据集、缓存","2026/4/10 15:45:33","2025/10/29 6:45:43","中风险","需要用户确认","3322195682","3.09 GB","AI 目录通常体积巨大，若是缓存或可重下资源，回收空间潜力高。"
"Directory","C:\Program Files (x86)\Lenovo","3272841748","3.05 GB","未分类","2026/4/10 15:41:57","2026/2/28 1:09:08","高风险","保留不动","3272841748","3.05 GB","路径用途不明或属于工作/系统关键区域，默认保留。"
"Directory","C:\Program Files\Docker\Docker\resources","3211186118","2.99 GB","虚拟机镜像、容器镜像","2026/4/10 15:45:31","2026/3/10 9:53:31","高风险","保留不动","3211186118","2.99 GB","虚拟磁盘和容器层删除后会直接影响运行环境，必须保守处理。"
"Directory","C:\Program Files (x86)\Microsoft Visual Studio","3179446112","2.96 GB","未分类","2026/4/10 15:38:40","2025/10/29 9:25:18","高风险","保留不动","3179446112","2.96 GB","路径用途不明或属于工作/系统关键区域，默认保留。"
"Directory","C:\Program Files (x86)\Microsoft Visual Studio\2019","3077080921","2.87 GB","未分类","2026/4/10 15:38:40","2025/10/29 9:25:18","高风险","保留不动","3077080921","2.87 GB","路径用途不明或属于工作/系统关键区域，默认保留。"
"Directory","C:\Program Files (x86)\Microsoft Visual Studio\2019\BuildTools","3077080921","2.87 GB","未分类","2026/4/10 15:23:30","2025/11/9 23:39:39","高风险","保留不动","3077080921","2.87 GB","路径用途不明或属于工作/系统关键区域，默认保留。"
"Directory","C:\ProgramData\NVIDIA Corporation\NVIDIA App\UpdateFramework\ota-artifacts\crd\post-processing","3058263624","2.85 GB","未分类","2026/4/10 15:25:37","2026/3/11 22:58:49","高风险","保留不动","3058263624","2.85 GB","路径用途不明或属于工作/系统关键区域，默认保留。"
"Directory","C:\ProgramData\NVIDIA Corporation\NVIDIA App\UpdateFramework\ota-artifacts\crd\post-processing\884588d655dec5cd83c60f19821cd520","3058263624","2.85 GB","未分类","2026/4/10 15:25:37","2026/3/11 21:20:54","高风险","保留不动","3058263624","2.85 GB","路径用途不明或属于工作/系统关键区域，默认保留。"
"Directory","C:\Users\m1389\AppData\Local\Kingsoft","2954867921","2.75 GB","未分类","2026/4/10 15:41:46","2026/4/9 13:21:22","高风险","保留不动","2954867921","2.75 GB","路径用途不明或属于工作/系统关键区域，默认保留。"
"Directory","C:\Users\m1389\AppData\Local\Kingsoft\WPS Office","2954710683","2.75 GB","未分类","2026/4/10 15:45:13","2026/2/4 7:15:52","高风险","保留不动","2954710683","2.75 GB","路径用途不明或属于工作/系统关键区域，默认保留。"
"Directory","C:\Windows\assembly\NativeImages_v4.0.30319_64","2834609412","2.64 GB","未分类","2026/4/10 15:41:44","2026/4/7 13:09:23","高风险","保留不动","2834609412","2.64 GB","路径用途不明或属于工作/系统关键区域，默认保留。"
"Directory","C:\ProgramData\NVIDIA Corporation\NVIDIA App\UpdateFramework\ota-artifacts\crd\post-processing\884588d655dec5cd83c60f19821cd520\Display.Driver","2822939434","2.63 GB","未分类","2026/4/10 15:25:37","2026/3/7 1:15:20","高风险","保留不动","2822939434","2.63 GB","路径用途不明或属于工作/系统关键区域，默认保留。"
"Directory","C:\Windows\System32\DriverStore\FileRepository\nvltsi.inf_amd64_4e7e8eed8ba2af30","2799466251","2.61 GB","未分类","2026/4/10 15:45:33","2026/3/11 21:59:23","高风险","保留不动","2799466251","2.61 GB","路径用途不明或属于工作/系统关键区域，默认保留。"
"Directory","C:\Users\m1389\AppData\Local\Temp","2797306881","2.61 GB","未分类","2026/4/10 15:45:33","2026/4/10 15:45:05","高风险","保留不动","2797306881","2.61 GB","路径用途不明或属于工作/系统关键区域，默认保留。"
"Directory","C:\Program Files\Microsoft Visual Studio\2022\Community\Common7","2732454975","2.54 GB","未分类","2026/4/10 15:21:58","2025/11/9 23:16:33","高风险","保留不动","2732454975","2.54 GB","路径用途不明或属于工作/系统关键区域，默认保留。"
"Directory","C:\Windows\SoftwareDistribution.bak-20251026-233358","2595550114","2.42 GB","未分类","2026/4/10 15:39:22","2025/10/10 18:23:06","高风险","保留不动","2595550114","2.42 GB","路径用途不明或属于工作/系统关键区域，默认保留。"
"Directory","C:\Program Files\Microsoft Visual Studio\2022\Community\Common7\IDE","2549279072","2.37 GB","未分类","2026/4/10 15:31:57","2025/11/9 23:26:48","高风险","保留不动","2549279072","2.37 GB","路径用途不明或属于工作/系统关键区域，默认保留。"
"Directory","C:\Users\m1389\AppData\Local\Android\Sdk\system-images\android-36.1\google_apis_playstore\x86_64","2545445167","2.37 GB","未分类","2026/4/10 15:28:13","2026/2/24 19:13:15","高风险","保留不动","2545445167","2.37 GB","路径用途不明或属于工作/系统关键区域，默认保留。"
"Directory","C:\Users\m1389\AppData\Local\Android\Sdk\system-images\android-36.1\google_apis_playstore","2545445167","2.37 GB","未分类","2026/4/10 15:45:33","2026/2/24 19:13:15","高风险","保留不动","2545445167","2.37 GB","路径用途不明或属于工作/系统关键区域，默认保留。"
"Directory","C:\Users\m1389\AppData\Local\Android\Sdk\system-images\android-36.1","2545445167","2.37 GB","未分类","2026/4/10 15:45:33","2026/2/24 19:11:59","高风险","保留不动","2545445167","2.37 GB","路径用途不明或属于工作/系统关键区域，默认保留。"
"Directory","C:\Windows\SoftwareDistribution.bak-20251026-233358\Download","2537445002","2.36 GB","未分类","2026/4/10 15:39:22","2025/10/27 7:37:29","高风险","保留不动","2537445002","2.36 GB","路径用途不明或属于工作/系统关键区域，默认保留。"
"Directory","C:\Windows\Panther","2531708324","2.36 GB","未分类","2026/4/10 15:36:17","2026/3/18 21:16:01","高风险","保留不动","2531708324","2.36 GB","路径用途不明或属于工作/系统关键区域，默认保留。"
"Directory","C:\Windows\SoftwareDistribution.bak-20251026-233358\Download\25c31c00542d6e7c93a0e34d68d22ac5","2410188139","2.24 GB","下载目录","2026/4/10 15:39:22","2025/10/26 23:07:33","高风险","保留不动","2410188139","2.24 GB","下载目录常包含历史安装包、压缩包和媒体文件，需要结合访问时间判定。"
"Directory","C:\ProgramData\Adobe","2407206046","2.24 GB","未分类","2026/4/10 15:24:03","2025/10/12 0:11:06","高风险","保留不动","2407206046","2.24 GB","路径用途不明或属于工作/系统关键区域，默认保留。"
"Directory","C:\ProgramData\Adobe\CameraRaw","2405988303","2.24 GB","未分类","2026/4/10 15:24:03","2025/10/11 23:58:33","高风险","保留不动","2405988303","2.24 GB","路径用途不明或属于工作/系统关键区域，默认保留。"
"Directory","C:\Windows\System32\DriverStore\FileRepository\iigd_dch.inf_amd64_5bc67ef17169627e","2337238876","2.18 GB","未分类","2026/4/10 15:45:33","2026/3/7 15:43:20","高风险","保留不动","2337238876","2.18 GB","路径用途不明或属于工作/系统关键区域，默认保留。"
"Directory","C:\Users\m1389\AppData\Local\npm-cache","2326802542","2.17 GB","未分类","2026/4/10 15:30:39","2025/11/10 2:37:05","高风险","保留不动","2326802542","2.17 GB","路径用途不明或属于工作/系统关键区域，默认保留。"
"Directory","C:\Users\m1389\OneDrive\Desktop\临时","2295804582","2.14 GB","桌面堆积文件","2026/4/10 15:35:54","2026/4/6 23:12:46","高风险","保留不动","2295804582","2.14 GB","路径用途不明或属于工作/系统关键区域，默认保留。"
"Directory","C:\Program Files\Microsoft Visual Studio\2022\Community\VC","2276463226","2.12 GB","未分类","2026/4/10 15:22:04","2025/11/9 23:26:47","高风险","保留不动","2276463226","2.12 GB","路径用途不明或属于工作/系统关键区域，默认保留。"
"Directory","C:\Program Files\Microsoft Office\root\Office16","2266661917","2.11 GB","未分类","2026/4/10 15:41:46","2026/4/4 16:31:13","高风险","保留不动","2266661917","2.11 GB","路径用途不明或属于工作/系统关键区域，默认保留。"
"Directory","C:\Users\m1389\AppData\Roaming\Code\User","2240017216","2.09 GB","未分类","2026/4/10 15:45:31","2026/4/2 16:48:27","高风险","保留不动","2240017216","2.09 GB","路径用途不明或属于工作/系统关键区域，默认保留。"
"Directory","C:\Users\m1389\AppData\Roaming\kingsoft\wps\addons\pool","2216201891","2.06 GB","未分类","2026/4/10 15:34:07","2025/12/15 13:04:04","高风险","保留不动","2216201891","2.06 GB","路径用途不明或属于工作/系统关键区域，默认保留。"
"Directory","C:\Users\m1389\AppData\Roaming\kingsoft\wps\addons\pool\win-x64","2215684220","2.06 GB","未分类","2026/4/10 15:34:07","2026/4/9 1:52:22","高风险","保留不动","2215684220","2.06 GB","路径用途不明或属于工作/系统关键区域，默认保留。"
"Directory","C:\Program Files\Microsoft Office\root\vfs","2152943001","2.01 GB","未分类","2026/4/10 15:41:45","2025/10/10 18:09:25","高风险","保留不动","2152943001","2.01 GB","路径用途不明或属于工作/系统关键区域，默认保留。"
"Directory","C:\Program Files\Microsoft Visual Studio\2022\Community\VC\Tools","2150153143","2.00 GB","未分类","2026/4/10 15:22:03","2025/11/9 23:20:42","高风险","保留不动","2150153143","2.00 GB","路径用途不明或属于工作/系统关键区域，默认保留。"
"Directory","C:\Users\m1389\WPSDrive","2130763030","1.98 GB","未分类","2026/4/10 15:35:57","2024/8/18 21:01:38","高风险","保留不动","2130763030","1.98 GB","路径用途不明或属于工作/系统关键区域，默认保留。"
"Directory","C:\Users\m1389\WPSDrive\381637827\WPS云盘","2130763030","1.98 GB","未分类","2026/4/10 15:35:57","2026/4/10 12:24:34","高风险","保留不动","2130763030","1.98 GB","路径用途不明或属于工作/系统关键区域，默认保留。"
"Directory","C:\Users\m1389\WPSDrive\381637827","2130763030","1.98 GB","未分类","2026/4/10 15:45:33","2025/10/11 23:30:05","高风险","保留不动","2130763030","1.98 GB","路径用途不明或属于工作/系统关键区域，默认保留。"
"Directory","C:\Program Files\Lenovo\AIAgent\Modules\Model","2125249333","1.98 GB","未分类","2026/4/10 15:21:07","2026/3/3 0:01:41","高风险","保留不动","2125249333","1.98 GB","路径用途不明或属于工作/系统关键区域，默认保留。"
"Directory","C:\Windows\SoftwareDistribution.bak-20251026-233358\Download\25c31c00542d6e7c93a0e34d68d22ac5\Metadata","2123713448","1.98 GB","下载目录","2026/4/10 15:39:22","2025/10/26 23:14:23","高风险","保留不动","2123713448","1.98 GB","下载目录常包含历史安装包、压缩包和媒体文件，需要结合访问时间判定。"
"Directory","C:\Users\m1389\AppData\Local\Temp\jxauypd1","2074619450","1.93 GB","临时文件、回收站","2026/4/10 15:31:47","2026/3/18 7:49:06","低风险","直接删除","2074619450","1.93 GB","临时数据和回收站内容通常可再生成，属于优先清理区域。"
"Directory","C:\Program Files (x86)\Microsoft\EdgeCore","2053850972","1.91 GB","未分类","2026/4/10 15:23:11","2026/4/10 10:13:37","高风险","保留不动","2053850972","1.91 GB","路径用途不明或属于工作/系统关键区域，默认保留。"
"Directory","C:\Program Files\Lenovo\AIAgent\Modules\X-Engine\cuda_v11.7","1997442008","1.86 GB","未分类","2026/4/10 15:21:18","2026/3/3 0:01:16","高风险","保留不动","1997442008","1.86 GB","路径用途不明或属于工作/系统关键区域，默认保留。"
"Directory","C:\Program Files\Microsoft Visual Studio\2022\Community\VC\Tools\MSVC","1983044487","1.85 GB","未分类","2026/4/10 15:22:03","2025/11/9 23:20:42","高风险","保留不动","1983044487","1.85 GB","路径用途不明或属于工作/系统关键区域，默认保留。"
"Directory","C:\Program Files\Microsoft Visual Studio\2022\Community\VC\Tools\MSVC\14.44.35207","1983044487","1.85 GB","未分类","2026/4/10 15:22:03","2025/11/9 23:26:08","高风险","保留不动","1983044487","1.85 GB","路径用途不明或属于工作/系统关键区域，默认保留。"
"Directory","C:\Program Files\Common Files","1946484407","1.81 GB","未分类","2026/4/10 15:32:01","2026/3/27 11:47:59","高风险","保留不动","1946484407","1.81 GB","路径用途不明或属于工作/系统关键区域，默认保留。"
"Directory","C:\Users\m1389\AppData\Roaming\Code\User\workspaceStorage","1876640952","1.75 GB","未分类","2026/4/10 15:33:19","2026/4/7 18:21:07","高风险","保留不动","1876640952","1.75 GB","路径用途不明或属于工作/系统关键区域，默认保留。"
"Directory","C:\Program Files\Common Files\Adobe","1796728614","1.67 GB","未分类","2026/4/10 15:20:44","2025/10/27 21:12:49","高风险","保留不动","1796728614","1.67 GB","路径用途不明或属于工作/系统关键区域，默认保留。"
"Directory","C:\Program Files (x86)\Lenovo\LegionZone","1741919837","1.62 GB","未分类","2026/4/10 15:41:46","2026/4/10 14:09:51","高风险","保留不动","1741919837","1.62 GB","路径用途不明或属于工作/系统关键区域，默认保留。"
"Directory","C:\Users\m1389\AppData\Local\Programs","1732257925","1.61 GB","未分类","2026/4/10 15:45:31","2026/3/3 8:16:29","高风险","保留不动","1732257925","1.61 GB","路径用途不明或属于工作/系统关键区域，默认保留。"
"Directory","C:\Program Files\Lenovo\AIAgent\Modules\RAG","1728121165","1.61 GB","未分类","2026/4/10 15:21:18","2026/2/7 19:18:53","高风险","保留不动","1728121165","1.61 GB","路径用途不明或属于工作/系统关键区域，默认保留。"
"Directory","C:\Program Files (x86)\Microsoft\EdgeWebView\Application","1716637016","1.60 GB","未分类","2026/4/10 15:25:04","2026/4/9 20:24:55","高风险","保留不动","1716637016","1.60 GB","路径用途不明或属于工作/系统关键区域，默认保留。"
"Directory","C:\Program Files (x86)\Microsoft\EdgeWebView","1716637016","1.60 GB","未分类","2026/4/10 15:45:34","2026/4/9 20:24:57","高风险","保留不动","1716637016","1.60 GB","路径用途不明或属于工作/系统关键区域，默认保留。"
"Directory","C:\Users\m1389\AppData\Roaming\Code\User\workspaceStorage\b8895b2d15ec22432b8709e0cc061bb7","1716540034","1.60 GB","未分类","2026/4/10 15:33:18","2026/4/10 14:03:41","高风险","保留不动","1716540034","1.60 GB","路径用途不明或属于工作/系统关键区域，默认保留。"
"Directory","C:\ProgramData\Lenovo\CreatorZone\Adapter\ImageAIGC\models\lora_train_models\clip-vit-large-patch14","1714395265","1.60 GB","AI 模型权重、数据集、缓存","2026/4/10 15:25:15","2025/10/10 18:11:42","中风险","需要用户确认","1714395265","1.60 GB","AI 目录通常体积巨大，若是缓存或可重下资源，回收空间潜力高。"
"Directory","C:\Program Files (x86)\Microsoft Visual Studio\2019\BuildTools\VC","1696563736","1.58 GB","未分类","2026/4/10 15:23:30","2025/10/29 9:26:49","高风险","保留不动","1696563736","1.58 GB","路径用途不明或属于工作/系统关键区域，默认保留。"
"Directory","C:\Program Files\Adobe\Adobe Audition 2024","1670662209","1.56 GB","未分类","2026/4/10 15:20:30","2025/10/27 21:12:49","高风险","保留不动","1670662209","1.56 GB","路径用途不明或属于工作/系统关键区域，默认保留。"
"Directory","C:\Program Files\Lenovo\AIAgent\Modules\RAG\_internal","1669798371","1.56 GB","未分类","2026/4/10 15:21:18","2026/3/3 0:01:41","高风险","保留不动","1669798371","1.56 GB","路径用途不明或属于工作/系统关键区域，默认保留。"
"Directory","C:\Users\m1389\AppData\Local\Microsoft\Edge","1665858188","1.55 GB","未分类","2026/4/10 15:45:15","2025/10/10 19:00:01","高风险","保留不动","1665858188","1.55 GB","路径用途不明或属于工作/系统关键区域，默认保留。"
"Directory","C:\Users\m1389\AppData\Local\Microsoft\Edge\User Data","1665858188","1.55 GB","未分类","2026/4/10 15:45:15","2026/4/10 15:26:44","高风险","保留不动","1665858188","1.55 GB","路径用途不明或属于工作/系统关键区域，默认保留。"
"Directory","C:\ProgramData\Package Cache","1637205793","1.52 GB","未分类","2026/4/10 15:38:40","2026/2/26 15:20:14","高风险","保留不动","1637205793","1.52 GB","路径用途不明或属于工作/系统关键区域，默认保留。"
"Directory","C:\Program Files\Microsoft Visual Studio\2022\Community\VC\Tools\MSVC\14.44.35207\lib","1611506995","1.50 GB","未分类","2026/4/10 15:22:03","2025/11/9 23:21:07","高风险","保留不动","1611506995","1.50 GB","路径用途不明或属于工作/系统关键区域，默认保留。"
"Directory","C:\Users\m1389\AppData\Local\npm-cache\_cacache","1572755232","1.46 GB","未分类","2026/4/10 15:30:16","2025/11/10 2:37:05","高风险","保留不动","1572755232","1.46 GB","路径用途不明或属于工作/系统关键区域，默认保留。"
"Directory","C:\Users\m1389\AppData\Local\npm-cache\_cacache\content-v2","1570398492","1.46 GB","未分类","2026/4/10 15:30:06","2025/11/10 2:37:05","高风险","保留不动","1570398492","1.46 GB","路径用途不明或属于工作/系统关键区域，默认保留。"
"Directory","C:\Users\m1389\AppData\Local\npm-cache\_cacache\content-v2\sha512","1570398492","1.46 GB","未分类","2026/4/10 15:30:06","2025/12/5 7:20:42","高风险","保留不动","1570398492","1.46 GB","路径用途不明或属于工作/系统关键区域，默认保留。"
"Directory","C:\Program Files (x86)\Windows Kits\10\Lib","1563690238","1.46 GB","未分类","2026/4/10 15:23:43","2025/11/9 23:35:59","高风险","保留不动","1563690238","1.46 GB","路径用途不明或属于工作/系统关键区域，默认保留。"
"Directory","C:\Windows\assembly\NativeImages_v4.0.30319_32","1542193996","1.44 GB","未分类","2026/4/10 15:36:02","2026/4/7 13:11:53","高风险","保留不动","1542193996","1.44 GB","路径用途不明或属于工作/系统关键区域，默认保留。"
"Directory","C:\Program Files (x86)\Microsoft Visual Studio\2019\BuildTools\VC\Tools","1508911249","1.41 GB","未分类","2026/4/10 15:23:30","2025/11/9 23:39:06","高风险","保留不动","1508911249","1.41 GB","路径用途不明或属于工作/系统关键区域，默认保留。"
"Directory","C:\Users\m1389\AppData\Local\Kingsoft\WPS Office\12.1.0.24655","1502423151","1.40 GB","未分类","2026/4/10 15:28:44","2026/2/3 19:37:48","高风险","保留不动","1502423151","1.40 GB","路径用途不明或属于工作/系统关键区域，默认保留。"
"Directory","C:\Users\m1389\AppData\Roaming\Code\CachedExtensionVSIXs","1478919945","1.38 GB","未分类","2026/4/10 15:32:32","2026/4/10 13:57:59","高风险","保留不动","1478919945","1.38 GB","路径用途不明或属于工作/系统关键区域，默认保留。"
"Directory","C:\Users\m1389\AppData\Roaming\Tencent","1466326170","1.37 GB","未分类","2026/4/10 15:45:05","2026/2/26 15:43:13","高风险","保留不动","1466326170","1.37 GB","路径用途不明或属于工作/系统关键区域，默认保留。"
"Directory","C:\Windows\SystemApps","1446536512","1.35 GB","未分类","2026/4/10 15:42:29","2026/3/7 15:54:35","高风险","保留不动","1446536512","1.35 GB","路径用途不明或属于工作/系统关键区域，默认保留。"
"Directory","C:\Users\m1389\AppData\Local\Kingsoft\WPS Office\12.1.0.25222","1443459774","1.34 GB","未分类","2026/4/10 15:45:13","2026/4/9 2:05:55","高风险","保留不动","1443459774","1.34 GB","路径用途不明或属于工作/系统关键区域，默认保留。"
"Directory","C:\Users\m1389\AppData\Local\Kingsoft\WPS Office\12.1.0.24655\office6","1424508100","1.33 GB","未分类","2026/4/10 15:28:44","2026/1/31 8:12:10","高风险","保留不动","1424508100","1.33 GB","路径用途不明或属于工作/系统关键区域，默认保留。"
"Directory","C:\Program Files (x86)\Microsoft Visual Studio\2019\BuildTools\VC\Tools\MSVC","1406026929","1.31 GB","未分类","2026/4/10 15:23:30","2025/10/29 9:26:04","高风险","保留不动","1406026929","1.31 GB","路径用途不明或属于工作/系统关键区域，默认保留。"
"Directory","C:\Program Files (x86)\Microsoft Visual Studio\2019\BuildTools\VC\Tools\MSVC\14.29.30133","1406026929","1.31 GB","未分类","2026/4/10 15:23:30","2025/10/29 9:26:49","高风险","保留不动","1406026929","1.31 GB","路径用途不明或属于工作/系统关键区域，默认保留。"
"Directory","C:\Users\m1389\AppData\Local\Kingsoft\WPS Office\12.1.0.25222\office6","1344362094","1.25 GB","未分类","2026/4/10 15:45:14","2026/4/9 13:21:14","高风险","保留不动","1344362094","1.25 GB","路径用途不明或属于工作/系统关键区域，默认保留。"
"Directory","C:\Users\m1389\.lmstudio\extensions\backends\vendor","1328488488","1.24 GB","未分类","2026/4/10 15:26:39","2026/4/3 21:29:56","高风险","保留不动","1328488488","1.24 GB","路径用途不明或属于工作/系统关键区域，默认保留。"
"Directory","C:\Windows\SysWOW64","1320316638","1.23 GB","未分类","2026/4/10 15:45:34","2026/4/6 22:26:00","高风险","保留不动","1320316638","1.23 GB","路径用途不明或属于工作/系统关键区域，默认保留。"
"Directory","C:\Users\m1389\AppData\Roaming\Code\User\workspaceStorage\b8895b2d15ec22432b8709e0cc061bb7\chatSessions","1268028791","1.18 GB","未分类","2026/4/10 15:33:18","2026/4/10 13:57:54","高风险","保留不动","1268028791","1.18 GB","路径用途不明或属于工作/系统关键区域，默认保留。"
"Directory","C:\Program Files\Microsoft Office\root\vfs\ProgramFilesCommonX64","1264371227","1.18 GB","未分类","2026/4/10 15:21:31","2025/10/10 18:09:23","高风险","保留不动","1264371227","1.18 GB","路径用途不明或属于工作/系统关键区域，默认保留。"
"Directory","C:\Program Files\Microsoft Office\root\vfs\ProgramFilesCommonX64\Microsoft Shared","1263841243","1.18 GB","未分类","2026/4/10 15:21:31","2025/10/10 18:09:23","高风险","保留不动","1263841243","1.18 GB","路径用途不明或属于工作/系统关键区域，默认保留。"
"Directory","C:\Users\m1389\AppData\Local\Google\Chrome\User Data\Default","1255917471","1.17 GB","未分类","2026/4/10 15:43:08","2026/4/10 15:24:47","高风险","保留不动","1255917471","1.17 GB","路径用途不明或属于工作/系统关键区域，默认保留。"
"Directory","C:\Program Files (x86)\Microsoft Visual Studio\2019\BuildTools\Common7","1234382979","1.15 GB","未分类","2026/4/10 15:23:26","2025/11/9 23:39:12","高风险","保留不动","1234382979","1.15 GB","路径用途不明或属于工作/系统关键区域，默认保留。"
"Directory","C:\Users\m1389\AppData\Roaming\baidu\BaiduNetdisk","1227329437","1.14 GB","云盘同步目录中的本地副本","2026/4/10 15:41:47","2026/3/21 18:49:32","高风险","上云后删除本地","1227329437","1.14 GB","已同步且低频使用的文件适合转仅云端，但需先校验云端完整性。"
"Directory","C:\Users\m1389\AppData\Roaming\baidu","1227329437","1.14 GB","未分类","2026/4/10 15:45:34","2025/10/11 23:16:00","高风险","保留不动","1227329437","1.14 GB","路径用途不明或属于工作/系统关键区域，默认保留。"
"Directory","C:\Program Files (x86)\Lenovo\LegionZone\2.0.23.3251","1225839836","1.14 GB","未分类","2026/4/10 15:42:00","2026/4/10 15:24:31","高风险","保留不动","1225839836","1.14 GB","路径用途不明或属于工作/系统关键区域，默认保留。"
"Directory","C:\Program Files\Microsoft Visual Studio\2022\Community\Common7\IDE\CommonExtensions","1223336156","1.14 GB","未分类","2026/4/10 15:21:50","2025/11/9 23:17:51","高风险","保留不动","1223336156","1.14 GB","路径用途不明或属于工作/系统关键区域，默认保留。"
"Directory","C:\Program Files\WindowsApps\Microsoft.PowerAutomateDesktop_11.2604.143.0_x64__8wekyb3d8bbwe","1221210674","1.14 GB","未分类","2026/4/10 15:22:39","2026/4/3 15:12:26","高风险","保留不动","1221210674","1.14 GB","路径用途不明或属于工作/系统关键区域，默认保留。"
"Directory","C:\Program Files\Lenovo\AIAgent\Modules\X-Engine\cuda_v12.8","1191546328","1.11 GB","未分类","2026/4/10 15:21:18","2026/3/3 0:01:17","高风险","保留不动","1191546328","1.11 GB","路径用途不明或属于工作/系统关键区域，默认保留。"
"Directory","C:\Users\m1389\Documents\Tencent Files\1316795181\nt_qq\nt_data\Emoji","1176155454","1.10 GB","旧项目归档、课程资料、无用备份","2026/4/10 15:35:22","2024/10/22 20:41:30","高风险","上云后删除本地","1176155454","1.10 GB","可能仍有复用价值，默认推荐归档而非直接删除。"
"Directory","C:\Program Files (x86)\Microsoft Visual Studio\2019\BuildTools\VC\Tools\MSVC\14.29.30133\lib","1168709893","1.09 GB","未分类","2026/4/10 15:23:30","2025/10/29 9:26:51","高风险","保留不动","1168709893","1.09 GB","路径用途不明或属于工作/系统关键区域，默认保留。"
"Directory","C:\Program Files\Microsoft Visual Studio\2022\Community\Common7\IDE\CommonExtensions\Microsoft","1164006081","1.08 GB","未分类","2026/4/10 15:21:48","2025/11/9 23:26:36","高风险","保留不动","1164006081","1.08 GB","路径用途不明或属于工作/系统关键区域，默认保留。"
"Directory","C:\Users\m1389\Documents\Tencent Files\1316795181\nt_qq\nt_db","1161701176","1.08 GB","旧项目归档、课程资料、无用备份","2026/4/10 15:41:31","2026/4/10 10:29:04","高风险","上云后删除本地","1161701176","1.08 GB","可能仍有复用价值，默认推荐归档而非直接删除。"
"Directory","C:\Users\m1389\AppData\Roaming\kingsoft\wps\addons\data","1158818338","1.08 GB","未分类","2026/4/10 15:33:38","2025/12/15 13:03:17","高风险","保留不动","1158818338","1.08 GB","路径用途不明或属于工作/系统关键区域，默认保留。"
"Directory","C:\Users\m1389\AppData\Local\Microsoft\Edge\User Data\Default","1158246382","1.08 GB","未分类","2026/4/10 15:45:15","2026/4/10 15:45:15","高风险","保留不动","1158246382","1.08 GB","路径用途不明或属于工作/系统关键区域，默认保留。"
"Directory","C:\Users\m1389\AppData\Roaming\kingsoft\wps\addons\data\win-x64","1157560866","1.08 GB","未分类","2026/4/10 15:33:38","2026/4/9 1:52:23","高风险","保留不动","1157560866","1.08 GB","路径用途不明或属于工作/系统关键区域，默认保留。"
"Directory","C:\Users\m1389\AppData\Roaming\kingsoft\wps\addons\data\win-x64\cef","1155292768","1.08 GB","未分类","2026/4/10 15:33:38","2025/10/11 23:28:46","高风险","保留不动","1155292768","1.08 GB","路径用途不明或属于工作/系统关键区域，默认保留。"
"Directory","C:\Users\m1389\AppData\Roaming\kingsoft\wps\addons\data\win-x64\cef\1.5","1155292768","1.08 GB","未分类","2026/4/10 15:33:38","2026/3/30 12:07:24","高风险","保留不动","1155292768","1.08 GB","路径用途不明或属于工作/系统关键区域，默认保留。"
"Directory","C:\Program Files\dotnet","1154879175","1.08 GB","未分类","2026/4/10 15:45:34","2025/12/26 15:41:11","高风险","保留不动","1154879175","1.08 GB","路径用途不明或属于工作/系统关键区域，默认保留。"
"Directory","C:\Program Files\Lenovo\AIAgent\Modules\Model\Model-7b","1148807465","1.07 GB","未分类","2026/4/10 15:21:07","2026/2/7 19:19:27","高风险","保留不动","1148807465","1.07 GB","路径用途不明或属于工作/系统关键区域，默认保留。"
"Directory","C:\Users\m1389\WPSDrive\381637827\WPS云盘\学习文档","1130534188","1.05 GB","未分类","2026/4/10 15:35:56","2024/6/10 8:09:32","高风险","保留不动","1130534188","1.05 GB","路径用途不明或属于工作/系统关键区域，默认保留。"
"Directory","C:\Program Files\KingLauncher","1129911044","1.05 GB","未分类","2026/4/10 15:38:40","2026/4/3 22:17:17","高风险","保留不动","1129911044","1.05 GB","路径用途不明或属于工作/系统关键区域，默认保留。"
"Directory","C:\Users\m1389\AppData\Local\pip","1096812988","1.02 GB","未分类","2026/4/10 15:31:11","2025/10/15 15:26:17","高风险","保留不动","1096812988","1.02 GB","路径用途不明或属于工作/系统关键区域，默认保留。"
"Directory","C:\Users\m1389\AppData\Local\pip\cache","1096812988","1.02 GB","未分类","2026/4/10 15:31:11","2025/10/15 18:29:08","高风险","保留不动","1096812988","1.02 GB","路径用途不明或属于工作/系统关键区域，默认保留。"
"Directory","C:\Users\m1389\AppData\Local\pip\cache\http-v2","1094993369","1.02 GB","浏览器缓存、软件缓存、日志","2026/4/10 15:31:11","2025/10/15 15:27:38","低风险","直接删除","1094993369","1.02 GB","缓存和日志通常可再生成，对业务数据影响较低。"
"Directory","C:\Users\m1389\.android","1074799628","1.00 GB","未分类","2026/4/10 15:26:22","2026/2/24 20:53:57","高风险","保留不动","1074799628","1.00 GB","路径用途不明或属于工作/系统关键区域，默认保留。"
"Directory","C:\Users\m1389\.android\avd","1074793154","1.00 GB","未分类","2026/4/10 15:26:22","2026/2/24 22:08:29","高风险","保留不动","1074793154","1.00 GB","路径用途不明或属于工作/系统关键区域，默认保留。"
